SUBJECT,SEX,AGE,HEIGHT,WEIGHT,AG_R,AG_L,CG_R,CG_L,HB_R,HB_L,FB_R,FB_L,CS_R(mm),CS_L(mm),TS_R(mm),TS_L(mm),SBS_R(mm),SBS_L(mm),SPS_R(mm),SPS_L(mm),SOMATOTYPE
0,M,19,170.5,72.5,31,33,39,39.2,5.9,6,10.2,9.9,11,9.6,20.6,18.4,17.2,17,13.6,14.8,Mesomorphic endomorph
1,M,19,175.5,79.4,34,33.8,39.4,39.4,6.2,6.2,9.5,9.5,11.4,12,14,12.8,17.8,17,10.4,11.2,Mesomorph-endomorph
2,M,23,182.2,86.4,39.8,39,38.9,38.7,7,6.9,10.1,10.2,5.8,6.8,7,6.8,12.4,11.2,7,7.4,Endomorphic mesomorph
3,F,19,170.3,61,26.5,26.8,35.5,35.5,5.1,5,8.4,8.6,13.8,16.2,21.2,20.4,13,14.2,11.8,12.4,Ectomorphic endomorph
4,M,22,185.4,98.7,38.1,37.1,41.4,41.6,6.5,6.8,10.1,10,12.4,12.8,22.2,20.4,32,31,30.8,32.2,Mesomorphic endomorph
5,M,23,179.4,110.5,41.8,42.2,45.9,45.4,6.8,6.8,9.9,10.3,17,16.6,23,21.2,28,28,24.2,26.4,Mesomorph-endomorph
6,M,18,179.4,67.2,28.3,28.5,36.2,36,7.1,7.1,9.8,9.9,8,8.8,11.8,9.8,11.8,12.4,7.8,7.2,Central
7,F,21,162.8,49.5,24.2,24.5,33,33.1,5.2,5.4,8.3,8.2,7.4,8,13.2,12.4,14.4,16.8,8.2,6.9,Endomorph-ectomorph
8,M,19,187.8,70.9,30.2,27,36.6,35.7,7.1,7,9.5,9.9,9.4,11.4,14,12.6,10.2,11.2,10,9.8,Endomorphic ectomorph
9,M,20,177.5,76.6,32.5,32.5,39,40,7,7,10,9.8,6.2,7,12.4,10.8,11.8,12.8,10.2,9.4,Endomorphic mesomorph
10,M,22,176,73.4,32.2,32.2,39.3,39,6.6,6.5,9.7,9.6,5.8,6,10.4,7.6,12.8,12.2,7.8,7.2,Endomorphic mesomorph
11,M,20,179.9,83.3,35.5,36.6,39.1,38.6,7.6,6.9,10.3,10,6.2,8,14.4,13.8,13.6,15.2,14.4,13.4,Endomorphic mesomorph
12,F,20,161,56.6,26.8,26.3,34.7,35.3,5.5,5.6,8.9,8.9,14.6,14.6,20.5,18.4,12.8,12.6,12.4,11.6,Mesomorphic endomorph
13,F,22,171.8,75.5,30.2,30.4,36.3,37.5,5.8,5.7,9.3,9.3,17.4,17.6,22.9,20.8,23.2,23.4,17.8,17.6,Mesomorphic endomorph
14,F,22,164.7,52,23.3,23.2,31.6,32,4.8,4.8,7.9,8,12,13.4,19.8,18.6,26.8,24.2,20.3,20,Ectomorphic endomorph
15,F,21,177.8,65.3,27.2,27.1,37.5,38.3,5.4,5.3,8.7,8.7,12.2,12,19.8,18.8,21.8,23.8,15.8,16.2,Ectomorphic endomorph
16,F,18,158.6,55.9,26.4,25.9,35.8,35.5,5.1,5.2,8.5,8.2,11.8,12.4,12.2,11.8,13.8,14.6,10.2,9.6,Mesomorphic endomorph
17,M,23,185.5,73.5,30,30.2,34.6,35.5,6.7,6.5,9.4,9.6,8.4,8.2,13.2,13.5,12.8,13.6,10.6,10.4,Endomorph-ectomorph
18,M,23,166.1,59.8,30.5,30.4,34.6,34,6,6,8.8,9,4.5,4.2,6.6,6,10,10.6,5,5.2,Balanced mesomorph
19,M,21,161,65.6,32.1,31.7,37.5,37.2,6,6.2,9,8.8,13.4,12.6,13.6,14.2,10.4,11.4,11.4,10.8,Mesomorph-endomorph
20,M,21,175.9,77.7,34,33.3,37.5,37.7,6.6,6.8,9.7,9.8,4.8,6.8,8.4,9.8,13.8,14.2,12.2,11.6,Endomorphic mesomorph
21,M,20,177.3,91.7,36.7,36.3,40.5,39.7,7.2,6.9,10.3,10.3,11,10,15.2,14.4,20.8,21,20.4,21.8,Mesomorph-endomorph
22,F,27,175.7,65.5,28.5,27.3,36.3,36,6.2,6.1,8.9,9,12.6,14.8,17.2,16.5,14.2,15.5,12.2,12,Ectomorphic endomorph
23,F,22,163.4,57.6,23.8,23.9,35.1,35.6,5.5,5.5,8.6,8.7,8.2,7.6,12.6,11.4,13.8,12.8,11.4,10.8,Balanced endomorph
24,M,22,184.5,74.8,32.7,33.6,37,36.5,6.6,6.7,9.8,9.8,6.2,6.2,8,7.2,9,9.4,6.6,6.8,Mesomorph-ectomorph
25,F,20,169.5,57.8,25,25,33.5,33.7,5.4,5.3,8.4,8.5,15.8,14.2,18.8,19.5,21.4,22.2,20.4,18.5,Ectomorphic endomorph
26,F,20,163.3,66.7,29.2,29.3,37.5,37.5,5.4,5.4,8.5,8.4,14.8,15.3,20,20.2,21,22.8,18.8,18.6,Mesomorphic endomorph
27,F,21,163.5,52.3,24.8,23.5,35,34.1,5.1,5,8.5,8.4,6,7.4,10,9,8.8,9.4,9,8,Endomorph-ectomorph
28,M,19,179,77.1,33.1,33.2,39.3,40,7.1,7.1,10.5,10.4,12,13.8,14.6,13,11.2,12.2,11.8,11.6,Endomorphic mesomorph
29,F,24,160.4,51,25,25.1,34,34,5.7,5.5,8.5,8.4,9.6,10.6,9,9.2,10.5,11.6,10.8,9.8,Central
30,M,23,179,79,32.7,32.7,38,37.8,6.3,6.5,10.2,10,17.6,14.4,14.6,14,13.4,14.6,17,19.2,Mesomorphic endomorph
31,M,34,171,75,33,34.3,38,38.2,6.4,6.4,10,9.7,3.6,5.6,4.2,5,9.6,10.6,9,9,Endomorphic mesomorph
32,M,21,186.2,90.4,35.8,35.4,40.6,39.2,7,7,10.5,10.6,10.4,10.2,12.2,10.4,18.2,17.2,13.8,13,Mesomorph-endomorph
33,M,19,186,85.5,33.5,33.2,40.5,39.4,6.6,6.5,9.9,9.9,6.6,6.8,11.8,10.4,10.6,11.6,9,9,Central
34,M,21,184.4,78.8,30.2,32.3,38.3,38.9,6.6,6.5,9.9,9.8,4.6,4.8,7.4,6.2,10,11.4,5.2,5,Central
35,M,20,171.5,100.4,40.1,40.1,44.2,44.5,6.9,7,10.7,10.7,10.5,13,19.4,16,30.2,30,27.4,30.4,Mesomorph-endomorph
36,M,20,181,82.4,37.8,37,38.7,38.8,6.5,6.5,9.7,9.7,7.2,8,12,11.2,8.6,9.2,10.3,8.8,Endomorphic mesomorph
37,M,19,184.5,118.7,40.5,39.5,46.3,47,7.5,7.3,10.5,10.7,18.6,22.2,18.4,17.8,34.4,31.2,39.2,37.2,Mesomorphic endomorph
38,M,19,171.2,73,33.8,34.2,37.3,37.3,6.3,6.3,9.6,9.6,6,7.2,9.8,8.6,15.2,16.6,11,11.6,Endomorphic mesomorph
39,M,19,181,118.3,40.5,40.3,45.7,46.1,7,7.1,11,10.5,11.4,14.4,21.4,23,34,34,29,28.8,Mesomorphic endomorph
40,M,18,180.4,81.2,37,35.8,39.1,39.5,6.8,6.9,9,9,7.8,7.4,11.2,10,13.2,14.6,8.8,8.2,Endomorphic mesomorph
41,M,20,178,77.6,35.5,35,39.5,39.5,7.2,7.1,10.6,10.6,9.2,9.6,13.4,13.4,16,17,14.4,14.6,Endomorphic mesomorph
42,M,19,181,78,36.8,36.2,38.5,38.5,6.6,6.6,9.9,9.7,7,6.8,8,7.4,9.4,9.4,9.4,4.8,Balanced mesomorph
43,M,18,176,114.7,41,40.2,46.6,46.2,7.7,7.4,12.6,12.5,22.6,25.6,25,24.6,27.2,26.6,32.6,33.8,Mesomorph-endomorph
44,M,20,180.2,92.4,39,38.3,38.8,38.8,6.7,6.7,9.9,9.8,10.4,10.4,11.4,9.2,24.8,23,19,17.2,Mesomorph-endomorph
45,M,19,176,84,37,37,37.6,38.5,6.6,6.3,9.9,10,12.2,11.4,14.4,13.2,17.6,17.2,14.2,15,Mesomorph-endomorph
46,M,19,182,91,37.2,37.5,40.3,39.8,6.7,6.7,10.5,10.7,7.4,8,9.2,9.6,20,18,17.6,15.6,Endomorphic mesomorph
47,M,22,181,108.65,40.8,41,42.2,42.2,6.5,6.5,10.5,10.5,9,9.8,18.6,17,30,30.8,30.4,33.6,Mesomorphic endomorph
48,M,22,172,74.1,34.2,34.2,39.2,40,6.4,6.4,9.4,9.8,4.8,5.6,7,7.8,13.2,14.4,10,10.2,Endomorphic mesomorph
49,M,21,174,76.5,37,35.5,37.5,37,6.3,6.3,9.5,9.5,7.4,9.2,11.2,11.2,14.2,13.8,7,6.8,Endomorphic mesomorph
50,M,22,193,107,38.6,36,43.9,44,6.4,6.5,10.4,10.4,14,13.6,16.4,14.4,19.4,17.4,22.6,20.6,Mesomorphic endomorph
51,M,21,192,124.95,42.5,41.2,45,45.5,7.4,7.4,11.1,11.1,15.6,16.4,20.6,20.6,24.4,25.4,30,28,Mesomorphic endomorph
52,M,21,188.3,106.3,39.5,40.5,41.8,42.4,7,7.1,10.4,10.5,9.2,11.2,10.8,12,21,24.6,25,28.8,Mesomorph-endomorph
53,M,23,176.3,81.5,37.3,36.2,38.2,39,6.5,6.3,9.9,9.8,8,8.6,10,9.4,16.6,14.2,10.2,9.4,Endomorphic mesomorph
54,M,23,182,114.5,41.2,40,46.7,47.5,7,7.1,10.9,11,22,21.4,26.6,26.4,31.6,32.2,29,26,Mesomorphic endomorph
55,M,21,170,74,35.2,35.2,38,38,6.6,6.7,9.5,9.6,10.2,9.6,11.4,10.2,13.2,13.2,10,9.4,Endomorphic mesomorph
56,M,21,175,72,32.1,32,34.7,35.5,6.5,6.6,9.6,9.7,11.4,8.8,11.4,10.8,13.8,13.3,12,10.4,Mesomorph-endomorph
57,M,20,164,59,34,33.5,33.5,32.8,6.5,6.4,8.6,8.8,4.2,4.2,6.6,5.8,8.6,9.2,5.6,5,Balanced mesomorph
58,M,23,166.7,64.1,32.8,32,36,36.6,6,6,9,9,7.8,7.8,13.4,11.4,11.6,11,8.4,8.6,Endomorphic mesomorph
59,M,25,183.6,82.7,35.8,35.6,38.4,38.5,6.6,6.5,9.6,9.8,4.6,5.4,7.6,6.4,10.6,10.4,7.4,7.6,Balanced mesomorph
60,M,24,182.9,90.2,35,34.9,42.2,42.6,6.6,6.6,10.3,10.1,9.2,9.2,21.2,19.8,24,23.9,25,23,Mesomorphic endomorph
61,M,25,173.9,85.1,34.5,32.7,40.3,40.5,6.6,6.5,10.4,10.2,7.4,8.6,11.4,13.4,18.4,19,18.2,19.2,Mesomorph-endomorph
62,M,27,182.4,81.9,35,34.7,38.9,37.8,6.2,6.2,10,10.1,11.2,12.2,14.4,11.6,18,17.4,14.8,14.6,Mesomorphic endomorph
63,M,31,177.3,85.4,35,33.9,40,40.3,6.5,6.4,10.2,10.1,7.6,9.6,14.4,13.4,20.4,18.2,16,15.4,Mesomorph-endomorph
64,M,27,177.3,76.1,33,33.2,38.5,38.7,6.5,6.5,10,10.1,7.6,8,13.6,13.4,12.4,12.6,9.5,7.4,Endomorphic mesomorph
65,M,23,172.2,73.6,33.9,33.3,40.8,40.3,6.6,6.5,10,9.7,5.6,5.6,6.4,7,12.8,12.6,9.4,7.8,Endomorphic mesomorph
66,M,22,179.4,65.5,27.5,26.8,36.9,37.3,6.2,6.3,9.7,9.6,10.4,8.8,13.8,13.6,12.2,12.8,8.2,8.6,Endomorph-ectomorph
67,M,27,175.7,71.4,30.5,31,36.6,37.3,6.4,6.3,9.5,9.2,5.6,6,7,7.2,10.8,11.2,7.6,7,Balanced mesomorph
68,M,24,181.1,89.3,36.8,37.2,41.2,41.3,7,7,10.8,11,9.6,12,13,11.6,12.2,11.6,9.6,9.8,Endomorphic mesomorph
69,M,26,174.5,72.6,31.2,31.2,38,39,7,7.1,9.8,10,8.6,7.6,13.4,13,13.2,14.8,8,8.4,Endomorphic mesomorph
70,M,22,177,98.6,35.2,34.7,43.6,43.5,6.5,6.6,10.7,10.8,12.4,11.6,14,13.6,18.6,19.4,26.4,28,Mesomorph-endomorph
71,M,23,175.5,78.5,33.8,34.3,38.6,39.2,6.5,6.6,10.5,10.6,8.2,9.2,15.6,12,18.4,19.2,16,15.8,Mesomorph-endomorph
72,M,24,182.7,88.6,37,36.5,39.5,41.2,7,7.1,9.8,10,11.4,11.8,18,15.8,17,17.8,14,14.8,Mesomorph-endomorph
73,M,25,181.3,75.8,30.2,30.5,36.2,37.2,6.3,6.5,9.9,10,5.4,5.6,10.2,9.6,13.6,15.4,8,8.4,Central
74,M,26,169,85.7,36.8,36.8,40,40.1,6.8,6.8,10.2,10.3,8,8.6,17.2,17.2,19.8,21,20.6,17.4,Endomorphic mesomorph
75,M,19,181,86.6,35.1,35.2,38,38.5,6.8,6.7,10.2,10.3,9.6,11.6,17.4,16,17.8,18.6,21,19.6,Mesomorphic endomorph
76,F,20,154.7,57.4,26.5,26.4,36,36.5,5.3,5.5,9,9,7.2,8.2,15.4,15.7,19.8,17.8,15,15,Mesomorphic endomorph
77,F,21,162.1,53.9,27.5,26.4,34.9,34.9,5.5,5.6,8.8,8.8,13.8,12.8,21,19.4,13.8,16,11.2,10.8,Balanced endomorph
78,F,21,167.3,67.5,27.1,27.5,36.8,37,5.5,5.5,9.6,9.5,14.4,18,24.6,23.2,20.8,21.8,24,22,Balanced endomorph
79,F,22,163,52.2,24.7,25.5,31.5,31.3,5.2,5.2,8,8,8.4,10.4,12,12.2,15.8,14,17.2,17,Ectomorphic endomorph
80,F,21,165,52.3,24.5,25.5,32,31.8,5.4,5.6,8.6,8.6,16.4,15.3,14.4,15.8,15.4,14.8,11.6,8,Endomorph-ectomorph
81,M,23,179.9,77.4,34,35,37.4,37.6,6.5,6.5,10.1,10.3,4.8,4.6,6.6,6,7.6,8,5,5.2,Balanced mesomorph
82,M,21,181.2,77.9,36.3,36.5,36.8,37.3,6.5,6.5,9.3,9.2,5.6,5.6,8.4,8.6,11.8,12.8,8,8,Balanced mesomorph
83,M,23,165.1,72.2,32.9,32.1,34.9,35.3,6.3,6.4,9.1,9.1,8.4,9.4,12,11,15.2,14.8,15.8,16,Mesomorph-endomorph
84,M,,167.2,67.3,32.3,32.8,38.1,38.4,6.6,6.6,9.9,9.8,6,6.4,10.6,10.2,12.4,12.4,10.2,9.2,Endomorphic mesomorph
85,M,19,173,72.3,33.5,31.8,38.7,38.5,6.5,6.5,10.3,10.3,11.2,10.4,17.2,17,14.2,16.8,17.2,17.8,Mesomorph-endomorph
86,M,24,171.1,77.2,32.5,34.3,40,40.5,6.4,6.7,10.3,10.3,9,10.8,12.8,10,15.6,15,15.8,17.2,Endomorphic mesomorph
87,M,,173.3,64.3,29.1,29,36.5,36.5,6.3,6.3,9.1,9,6.2,6.2,9.8,8.2,9,8.8,6.4,6.4,Central
88,M,18,168.9,68.1,31.5,33.1,36.8,36.7,6.3,6.5,9.5,9.5,6.4,6,10.4,9,12,13.8,8.2,9,Endomorphic mesomorph
89,M,19,166.9,60.5,29,29.7,36,36.5,6.3,6.1,9.8,9.9,13.6,13.2,13.6,14.6,10,9.6,9.2,9.6,Central
90,M,21,173.9,64.9,30.3,30.3,36.3,36.1,6.3,6.3,9.3,9.3,5.2,5.2,6,6,8.8,8.8,6,6,Mesomorph-ectomorph
91,M,,172.6,70.8,33.5,33.2,39.2,37.2,6.5,6.5,9.9,9.9,5.4,5.4,6.2,6.2,10.8,10.2,5.8,6,Balanced mesomorph
92,F,,157.7,51.2,26.3,25.5,33.3,32.8,5.2,5.2,8.2,8.2,9.2,10.4,12.3,12.6,9.4,9.2,8.6,8.2,Central
93,F,,152.4,51.2,27.3,27.2,33.5,33.5,5.6,5.6,8.4,8.4,13.8,15.7,19,20,13.2,14,11.2,10.8,Mesomorphic endomorph
94,F,,160.8,54.4,27.5,28.5,31.5,31.7,5.4,5.4,8.4,8.4,9,9,16.8,14.2,14.8,14.2,11.2,10.6,Balanced endomorph
95,F,,161.6,57.8,27,27,34.5,35.5,5.6,5.5,8.8,8.8,9.4,9.4,12.6,11.4,13.4,14.8,9.6,8.8,Mesomorphic endomorph
96,F,,160,50,25.3,25.3,31,31,5.3,5.3,8.1,8.1,8,8.6,12,12.2,16.7,16.8,15,12.8,Ectomorphic endomorph
97,F,,163.2,58.2,28.2,28,34,34,5.2,5.3,8.4,8.4,12.5,14,20.4,18.8,16.4,16.8,14.2,14.8,Balanced endomorph
98,M,24,175.6,72.5,28.8,29.4,39,38.3,6.1,6.1,9.1,9.1,5.6,5.6,8,7.2,10,10.8,7.4,7,Central
99,M,,165.6,83.2,34.2,33,40,39.8,6.2,6.2,9.4,9.5,9.4,10,12,13.6,20.4,22.8,21,21,Mesomorph-endomorph
100,M,26,182.5,82.3,35.5,35,41,40.8,6.5,6.8,10.5,10.4,4.8,6,7.2,5.4,10,10.6,6.8,6.6,Balanced mesomorph
101,M,,169.6,85.3,38,37.5,37.5,36.5,6.7,6.5,10,9.9,12.2,12.8,19.8,21,24.2,23.2,26.2,26.6,Mesomorphic endomorph
102,M,,183.9,83.3,34.7,33.5,39,39.3,6.9,7,10.5,10.4,6.6,7.6,10.6,10.2,11.6,11.6,8,8.6,Balanced mesomorph
103,M,,179.6,68.3,31.8,32.3,35.6,35.8,6.6,6.7,9.6,9.6,6,6.4,9.2,9,9.8,9.8,6.6,6.6,Mesomorph-ectomorph
104,M,20,174.2,77.5,33.6,33.8,38.8,38.8,6.3,6.5,9.9,9.8,8.2,6.4,11.4,10.4,12,12.2,10,9.8,Endomorphic mesomorph
105,M,19,197.8,91.5,34,34,38.7,39.3,6.8,7,10.9,10.8,12.4,12,13.4,13.6,11.8,11.2,13.6,14.2,Endomorph-ectomorph
106,M,20,178.3,78.6,34.5,34.6,37.3,38,6.7,6.6,10.1,10.1,8,9.2,10.2,9,11.4,11.6,7.4,7.8,Balanced mesomorph
107,M,19,182.9,70,30.2,29.7,36.7,36.8,6.9,6.8,9.6,9.6,7,7.2,9.8,9.4,9.6,9.8,7,7.6,Mesomorphic ectomorph
108,M,19,174.6,83.7,37,36,38.4,38.8,6.8,6.6,9.9,10,7,5.6,21.8,20,25,25.4,26.2,25,Mesomorphic endomorph
109,M,,177.3,84.9,35.8,34.8,39,38.9,6.9,7,9.9,10,10,11,12.4,10.4,17.2,17.8,15.6,15.8,Mesomorph-endomorph
110,M,21,187,83.8,33.1,33,39.3,40,6.8,7,10,9.9,7.2,7.6,11.8,10,10.4,10.4,7.8,8.2,Central
111,M,25,194.9,85.5,36.5,35,38.6,39.3,6.8,6.7,10,10,5,5.2,7,6.6,11.6,11,5.8,6.2,Mesomorphic ectomorph
112,M,22,185,95.1,34.5,33.8,40.9,41.7,6.9,6.7,10.7,10.8,11,9.8,13,12,23.4,24.6,21.2,22.8,Mesomorphic endomorph
113,M,22,173.1,72.3,32,33.3,36.7,36.5,6.8,6.8,9.7,9.6,6,5.8,11.2,11.6,10.4,10.4,10.4,11.4,Endomorphic mesomorph
114,M,21,179.4,79.9,34.4,34,38.8,39.3,6.5,6.5,9.9,10,7,7,8.2,8,9.6,9.4,8,9,Balanced mesomorph
115,M,20,186.1,75.6,31.6,30,37.5,37.9,7.1,6.9,10.1,10.2,4.8,5,4.8,4.8,6.8,6.8,4.2,5.6,Mesomorph-ectomorph
116,M,,182.5,74.7,32.5,31.2,39.6,39.6,6.9,6.8,9.9,9.9,4,5,6.2,5,9,8.4,5.4,6.4,Ectomorphic mesomorph
117,M,,186.7,86.6,34.2,32.5,39.8,40.5,7,6.8,10.5,10.4,5.4,5.6,11.6,11,9.2,9.8,8.4,8.6,Balanced mesomorph
118,M,19,172,60.8,31,30.3,33.5,33,6.5,6.4,9.4,9.4,8,8.2,12.2,11.8,10.4,10.4,8.2,9,Central
119,M,18,186.2,79.7,33.6,33.8,38.4,38.5,7,7,10,10,8.4,9.6,13.8,13,11,11.8,9.2,10.6,Central
120,M,20,187.2,78.9,32,32,37.7,37.2,7,7.1,10.4,10.4,6.5,7.2,8.8,6.3,10.4,10.2,5.2,5,Mesomorph-ectomorph
121,M,21,190.4,81.9,34.3,33.5,37.5,38.1,6.8,7,9.2,9.5,6.5,7.4,9.2,9,14.6,13,9.6,9.8,Central
122,M,20,191.2,93.6,37.3,36.3,38.2,37,7.5,7.6,9.9,9.9,7.2,7.6,10.2,10.2,18,17.6,14,16,Mesomorph-endomorph
123,M,24,165.5,58.9,32.2,31,34.1,34.3,6.7,6.8,9.7,9.8,6.6,6.8,12.2,12.2,12.6,12.6,7.6,8,Balanced mesomorph
124,M,19,180,70.4,31.5,31.5,35.8,35.5,6.5,6.4,9.6,9.6,9.2,10.8,15.8,15.8,10.8,10.4,10.4,13.4,Endomorph-ectomorph
125,M,18,177.8,71.4,30.8,30,38.7,39.3,6.5,6.7,9.8,10,8.2,9,11.2,11,9,9.4,7.2,7.2,Balanced mesomorph
126,M,21,182.8,81.8,31.7,32.5,39,39.7,6.5,6.4,9.4,9.5,9.2,9.4,13.8,14,12.8,12.6,10.4,13.6,Mesomorphic endomorph
127,M,20,187.4,75.6,31.5,32.5,38.5,38.5,6.7,6.7,10.1,10,9.4,8.8,9.6,9.4,8.6,8.6,5.4,6.4,Mesomorphic ectomorph
128,M,21,188.7,92.7,36.7,36.7,40.5,41.5,7.2,7.3,10.7,10.7,12,11.4,14.4,13.4,14.4,12.4,13.6,13.6,Endomorphic mesomorph
129,M,23,194.3,80.7,32.5,31.2,37.5,36.5,6.6,6.5,9.8,9.8,5,5.4,6.2,6,9,9.2,5.8,5.8,Balanced ectomorph
130,M,20,186.5,82,32.7,32.7,40.3,40.3,10.3,10.2,6.5,6.7,6.8,8.2,11.4,10,9,9.8,5.4,6.2,Balanced mesomorph
131,M,21,187.7,81.1,32.5,34,37,37,10,10,6.6,6.8,6.8,5.8,11.2,8.8,10.8,11.6,8.2,8.8,Central
132,M,18,182.1,85.8,33.3,32.5,40.1,39.8,10.6,10.5,6.7,6.7,9,10.4,9.4,9.4,13.2,12.4,11.2,11.8,Endomorphic mesomorph
133,M,23,184.1,76.7,33.5,32.3,37.4,38,10,10,6.7,7,7,7.4,10.6,11.2,8.4,9.2,7.2,7.6,Balanced mesomorph
134,M,23,190.4,85.7,33.5,33.7,39.3,40.9,10.5,10.3,7,7,4,3.8,5.2,5,7.4,7.8,4,4,Ectomorphic mesomorph
135,M,21,197.2,96.1,34.5,34.3,40,39.7,10.3,10.4,6.8,7,10.8,11.2,14.6,15,10,10.6,9,9.2,Central
136,M,22,180,78.2,32.8,32.3,35.5,35.7,10.4,10.8,7,7,9.2,7.8,9,7.8,10.6,10,6.2,6.2,Balanced mesomorph
137,M,20,191.4,87.3,34.2,33.3,38.3,38.5,11.2,11,7.4,7.5,8.2,10,10.2,10.2,9,10.4,7.4,8,Balanced mesomorph
138,M,21,191.7,80.1,34.8,35,38.2,38.3,10.2,10.3,6.7,7,8.2,8.8,10.8,9.2,15.6,15.8,16.6,16.8,Central
139,M,20,176,81.1,34.5,32.3,36.5,37,9.7,9.5,6.5,6.5,5.4,5.6,7.4,8.2,8,8.2,5,5,Balanced mesomorph
140,M,22,196.7,86.3,34,34.5,37,36.8,10.1,10.4,6.5,6.8,5.8,6.8,9.6,8,8.8,9.2,5.4,5.8,Mesomorphic ectomorph
141,M,22,194.2,91.2,32,32.5,38,37.9,10,10.3,6.7,6.9,6.4,5,7,7,10.6,11,6.6,5.6,Central
142,M,21,175.2,76.7,34,33.7,36,36.5,6.6,6.6,9.2,9.5,9.8,10,11,10.2,17.2,17.2,13.2,11.8,Mesomorph-endomorph
143,M,21,173.8,81.5,34.5,34.3,38,38.3,6.4,6.8,10,9.9,6.4,8.2,10.4,10.2,14,13.4,10.4,13,Endomorphic mesomorph
144,M,21,178.3,87.1,36.9,35.5,38.6,38.8,6.7,6.7,9.7,9.7,13.6,13.8,21.2,19.4,20.2,23.4,25.4,25,Mesomorphic endomorph
145,M,21,175.5,76.9,33.3,32.3,37.2,37.5,6.4,6.4,9.7,9.8,5.4,6.4,10.6,8.8,13.4,13.2,12.2,10.4,Endomorphic mesomorph
146,M,21,178.7,89.8,34.1,35,39.7,40,6.7,6.6,10.3,10.5,12,13.6,19.4,15.4,16.4,18.2,20,19.4,Mesomorphic endomorph
147,M,23,170,76,34.4,33.7,37.6,38,6.7,6.7,9.8,9.8,12.4,11.2,14.2,14.4,19.2,17.8,19.8,20.6,Mesomorph-endomorph
148,M,20,175.8,86.7,35.2,35.5,39.8,39.5,6.5,6.5,10.3,10.3,8.4,7.2,8.2,7.8,15.8,14.4,9.6,10.6,Endomorphic mesomorph
149,M,21,183.3,92,35.3,35,40.8,40.3,7.5,7,9.6,9.7,9.8,10.4,16.2,15.6,21.4,22.2,23.8,20,Mesomorphic endomorph
150,M,19,180,80.7,32.7,33.4,37,36.8,6.5,6.4,9.2,9.1,8,8.8,10,10.2,21,21,21,20.2,Mesomorphic endomorph
151,M,20,172.6,70,31.5,32,37.3,36.7,6.4,6.7,9.4,9.5,6.6,7.4,9.4,7.8,10.6,10.8,8.2,8.4,Balanced mesomorph
152,M,20,167.5,74,32.5,32.5,38,38.5,6.4,6.4,10,10,5.8,5.8,8.8,6.8,11.2,11.6,14.4,12.4,Endomorphic mesomorph
153,M,20,173.1,66.2,32.8,32.3,35,34.8,6.3,6.2,9.5,9.5,5.8,5,6.4,5,8.4,8.4,5.4,5.4,Balanced mesomorph
154,M,19,175.3,77.2,30.6,32.1,37.4,38,6.5,6.8,10,10.2,7.8,7.8,14,12.8,11.8,12.8,11.6,11.8,Endomorphic mesomorph
155,M,20,175.4,79.8,33.3,31.8,38.2,37.7,6.5,6.5,9.5,9.5,7.8,8,10.2,10.6,13.8,14.4,11.8,11.8,Mesomorph-endomorph
156,M,19,186.1,90.1,32,33.7,40.6,41.5,6.5,6.6,10,10.1,13.8,14.8,17,18.2,14.8,15.4,13.4,12.2,Mesomorphic endomorph
157,M,19,170.9,80.7,34.5,35.7,39.8,39.5,6.6,6.7,10,10,7.2,8.4,14.6,15.4,17.2,18,9.6,9.8,Endomorphic mesomorph
158,M,19,176.3,81.7,34,33.2,39.4,38,7,6.9,9.8,9.8,8.6,8.8,11.2,12.4,12.8,13,12.2,11.2,Endomorphic mesomorph
159,M,18,182.7,85,32.7,32.5,40.6,40.5,6.7,6.7,10.5,10.6,8.8,7,10.4,8.8,9.8,9,9.6,9.6,Balanced mesomorph
160,M,19,173.2,82.9,36.2,35.8,39.2,38.8,6.6,6.8,9.7,9.7,9.4,9.8,16.6,15.6,16.4,16.8,17.2,16.4,Mesomorph-endomorph
161,M,22,168.3,70,33,32.5,38.5,38.5,6.7,6.8,10.2,10,6.4,6,7.8,7.8,9.2,9.2,9,8.4,Endomorphic mesomorph
162,M,21,180.4,76,31.2,31,36.9,38,6.8,6.8,9.7,9.8,5,5.4,10.4,9.6,10.6,10.2,8.8,9,Balanced mesomorph
163,M,21,173,68.4,32.5,32.5,35.3,35,6.7,6.5,9.3,9.1,5,4.8,9,8.8,8.6,8.4,7.4,7.2,Balanced mesomorph
164,M,21,189.4,85.7,32.9,33,39.5,39,6.6,6.6,10.7,10.8,4.6,4.4,8.8,8.8,9.4,9.8,6,6.4,Balanced mesomorph
165,M,21,176.6,75.4,32,33,37.5,38.8,6.4,6.3,9.8,9.6,5,4.8,9,7.6,8.8,9.6,9.6,8.4,Balanced mesomorph
166,M,19,187.6,77.6,33.3,33.5,37.6,37.8,6.9,6.9,9.6,9.8,7.8,7.8,7.2,7.4,10.8,10,5.8,6.2,Mesomorph-ectomorph
167,F,21,161.6,57.6,26.3,26.5,33.5,33.7,5.5,5.7,9.2,9.1,10.8,9.8,15.6,15,14,14.8,13,14,Mesomorphic endomorph
168,M,19,185.5,84.2,33.1,33,39.9,39,6.6,6.7,9.7,9.8,4.2,5.2,9,7.2,10,9.8,5.6,6.4,Balanced mesomorph
169,M,22,172.6,74.6,33,32.2,38,38,6.3,6.5,9.5,9.6,8.6,8.4,13,12.8,12.2,12.8,5.8,5.6,Endomorphic mesomorph
170,M,19,177.8,77,33,33,37.3,37.6,6.7,6.8,10,10,5.4,5.2,9.4,9,9.8,10.4,8,7.6,Balanced mesomorph
171,M,19,174.4,74.2,31.7,32,37,37.5,6.5,6.5,9.7,9.7,6.4,6.2,6.4,5.6,9,9.4,6,5.8,Balanced mesomorph
172,M,21,180,72.6,31.1,30.2,37.9,37.4,6.6,6.6,9.9,10,5,4.8,6.4,6.6,7.6,8.2,6.6,6.2,Ectomorphic mesomorph
173,M,22,180.1,71.6,29.5,28.3,37.2,36.6,6.6,6.6,9.7,9.5,7.4,6,12.4,12.4,12.6,13.2,9.2,8.6,Central
174,M,20,174.8,67.8,30,29.5,35.1,35.1,6.1,6,9.6,9.5,6,5.6,7.2,8.4,8.8,9.4,6.2,6.8,Central
175,M,22,175,70.4,29,29.8,36,36,6.8,6.8,10,10,4.6,4.6,8.2,8,10.2,10.6,6.6,6.8,Balanced mesomorph
176,M,21,174,75.1,32,31.8,38.7,39.7,6.5,6.6,10.5,10.2,6,5.8,5.6,5.8,8.4,8.8,5.4,5.4,Balanced mesomorph
177,M,20,173.4,65.8,30.8,31,36.5,36.5,6.3,6.3,9.5,9.5,4.6,4.8,5.2,5.6,7.2,7.4,4.6,4.6,Ectomorphic mesomorph
178,M,21,185.3,87.9,34,34.4,39.5,39.5,7.1,7.2,10,9.9,5.4,5.2,7,6.6,10.4,10,8.4,8.8,Balanced mesomorph
179,M,20,171,69.8,29,29,37.5,38.3,6.6,6.7,9.6,9.5,5.2,6,9.2,9.6,9.2,10.8,7.6,7.4,Endomorphic mesomorph
180,M,19,169.1,68.5,30.5,31,36.6,36,6.2,6.4,9.6,9.5,5.2,5.2,9.6,8.4,8.8,8.6,7.2,8.2,Endomorphic mesomorph
181,F,22,166.7,58.8,25.7,25.7,37,37.5,5.5,5.7,9,8.8,5,5.4,9.7,8.8,8.2,11.2,8,7.6,Central
182,F,22,162.1,53.3,24.5,24.3,34.5,35,5.3,5.5,8.5,8.5,7.3,8,11.4,12,15.8,20,12.8,12.6,Ectomorphic endomorph
183,F,22,165.4,56.4,23.5,23.2,33.2,33.2,5.3,5.3,8.4,8.3,9.3,10.2,17.2,16.4,18.9,21,18,19.5,Ectomorphic endomorph
184,F,22,153.1,45.3,22.2,22.5,32.5,31.7,5.5,5.3,8.3,8.2,7,7.4,12,11.6,11.8,11.4,11.4,10.4,Balanced endomorph
185,M,23,182.6,78.4,36.3,35,35.8,36.8,6.7,6.7,9.6,9.6,5,5.2,7.8,8,11.6,12.2,11.2,11.4,Balanced mesomorph
186,M,18,177.8,69.6,32,31.2,36,36.3,6.8,6.5,9.4,9.6,3.8,4.2,5.8,5.6,8.8,9,4.6,4.8,Ectomorphic mesomorph
187,M,23,174.2,59.8,28.5,27.3,35,35.3,6.9,6.9,9.5,9.7,4.6,4.8,7.6,7,11.8,11.4,6.2,6.4,Mesomorph-ectomorph
188,M,21,185.2,75.2,30,30.1,38.8,38.8,6.8,6.6,10,10,6.4,6.4,8.2,7,6.4,6.4,4.8,4.8,Mesomorph-ectomorph
189,M,20,187,82.5,32,32.4,41,40.9,7,7,10,10,5.2,5.4,8.6,7.8,10.2,9.6,6.8,6.2,Balanced mesomorph
190,F,25,164.6,60.3,29.4,28.8,35.5,35.5,6.6,6,8.8,8.8,8,9.2,15.2,13.4,20.8,19.8,12.8,9.8,Mesomorphic endomorph
191,F,24,163.2,48.8,23,23.2,32.2,31.4,5.8,5.7,8.2,8.2,8.4,9,12.8,11.4,11,15.4,9.8,9.2,Endomorph-ectomorph
192,M,25,167.2,64.6,30.5,31.7,35.9,36,6.6,6.6,9.4,9.5,6.2,5.4,8,8.2,8,8.4,7,7,Balanced mesomorph
193,M,29,181,85,37,35.8,39.1,39,6.6,6.3,9.7,9.8,12,14.6,21,21,26.8,29.8,29.8,32.8,Mesomorphic endomorph
194,M,24,175,78,35.4,35.2,39.7,39.6,6.9,6.9,10.3,10.4,4.6,5,11.4,10.4,16.8,16.8,12.4,10.8,Endomorphic mesomorph
195,F,,165,55,27,26.5,33.9,33.7,5.6,5.5,8.5,8.6,7.4,7.2,10,11,10.6,9.4,6.6,7.6,Central
196,M,24,180,79,36,36,38.8,37.8,6.8,6.7,9.8,9.9,6.4,6,9.6,10.8,14.2,15.8,10.2,10.8,Endomorphic mesomorph
197,M,23,170,77,37,36.9,38.7,38,6.9,6.7,10,10,8.4,9.8,16,13,18.8,16.6,10.6,12.2,Endomorphic mesomorph
198,M,,172,67,33.5,33.2,37.5,37,6.2,6.1,9.2,9,5.2,5.4,6.6,7.2,14,13.2,7,7.4,Balanced mesomorph
199,M,,176,82,39.5,39.7,40.6,40,6.7,6.7,10.3,10.1,7.8,9.8,9,8.2,14.8,15.6,8.8,9.4,Endomorphic mesomorph
